rank	token	count	count_slr54	count_iriis
75	रुपमा	29074	0	29074
116	डा	20887	59	20828
174	माओवादी	15613	99	15514
220	गाउँपालिका	13490	0	13490
222	सरकारको	13372	105	13267
226	कार्यक्रममा	13243	32	13211
269	बाँकी	11355	77	11278
271	ओलीले	11271	2	11269
282	मन्त्रालयले	11030	6	11024
316	नं	9728	46	9682
329	ओली	9411	6	9405
337	संख्या	9212	0	9212
352	गरेपछि	8854	115	8739
360	बैठकले	8693	6	8687
362	औं	8663	43	8620
377	मंगलबार	8426	0	8426
394	शनिबार	8095	19	8076
398	प्रदेशका	8060	6	8054
409	कोभिड	7910	0	7910
410	बैंक	7909	24	7885
413	कांग्रेसका	7881	0	7881
414	सभापति	7877	34	7843
415	छौं	7873	6	7867
434	श्रेष्ठले	7507	14	7493
436	गरिरहेका	7469	29	7440
450	बैंकले	7275	6	7269
457	समितिले	7238	21	7217
477	पौडेलले	6999	13	6986
478	राति	6980	28	6952
502	आयोगले	6757	1	6756
506	थापाले	6707	10	6697
507	अवसरमा	6697	60	6637
508	जिम्मेवारी	6692	35	6657
523	अनि	6563	253	6310
525	दलको	6525	34	6491
530	वृद्धि	6463	58	6405
535	विद्यार्थी	6419	108	6311
546	पक्षमा	6262	61	6201
547	राखेर	6261	90	6171
558	पाएको	6186	41	6145
559	हालसम्म	6162	39	6123
565	यसमा	6114	351	5763
567	नसकेको	6094	15	6079
569	विश्वासको	6086	2	6084
578	कोही	5990	84	5906
581	दलका	5927	11	5916
585	शुरु	5866	4	5862
587	सरकारलाई	5858	44	5814
590	महत्वपूर्ण	5839	16	5823
593	कारबाही	5828	17	5811
604	नेतृत्वको	5748	8	5740
613	दिइएको	5683	77	5606
614	समितिका	5678	19	5659
616	क्षति	5656	19	5637
617	दिउँसो	5608	16	5592
625	जनालाई	5525	22	5503
626	अवधिमा	5509	78	5431
629	प्रदेशको	5504	70	5434
631	कति	5494	97	5397
634	मन्त्रालयका	5480	4	5476
658	देशभर	5310	15	5295
670	नियन्त्रणमा	5259	30	5229
681	सरकारमा	5213	24	5189
685	एसपी	5157	0	5157
694	अदालतले	5079	9	5070
695	प्रभावकारी	5077	44	5033
696	मिनेटमा	5066	3	5063
701	कांग्रेसले	5050	0	5050
705	गरेकी	5007	66	4941
707	आरोपमा	5005	18	4987
709	काममा	5000	58	4942
710	औँ	4997	114	4883
741	नेतृत्वमा	4759	63	4696
748	तहको	4727	22	4705
760	कम्पनीको	4675	18	4657
761	देउवाले	4668	0	4668
766	केन्द्रका	4637	13	4624
771	पार्टीले	4615	18	4597
772	प्रचण्डले	4605	6	4599
780	बैंकको	4553	6	4547
789	विभागले	4499	8	4491
790	उनीहरुले	4497	3	4494
803	सहकारी	4431	16	4415
806	त्यसैगरी	4409	49	4360
812	तहमा	4391	19	4372
814	नक्कली	4386	20	4366
831	गराएको	4327	40	4287
836	यसैगरी	4308	38	4270
838	उम्मेदवारी	4304	3	4301
841	भुक्तानी	4297	3	4294
845	एमालेले	4275	0	4275
847	जनामा	4263	0	4263
850	गाडी	4253	6	4247
865	पारेको	4170	31	4139
869	काठमाडौंमा	4158	0	4158
870	उपचारका	4157	17	4140
877	नगरपालिकाले	4124	0	4124
892	गरि	4056	24	4032
893	प्रतिशतले	4044	17	4027
900	चालु	4003	5	3998
902	दिएर	4000	93	3907
924	बराबरको	3906	15	3891
935	रवि	3877	5	3872
937	मैदानमा	3871	29	3842
939	गर्नका	3865	118	3747
953	शेयर	3828	0	3828
957	तुलनामा	3819	66	3753
959	भण्डारीले	3815	5	3810
960	गतेदेखि	3807	57	3750
961	उनीहरुको	3806	4	3802
967	दाहालले	3792	0	3792
974	पु	3754	0	3754
975	त्यसका	3750	57	3693
984	व्यक्तिको	3710	57	3653
986	भारतले	3705	20	3685
1002	प्रधानमन्त्रीको	3633	12	3621
1004	एकै	3629	104	3525
1007	परेपछि	3622	1	3621
1009	चुनावी	3619	10	3609
1011	दलले	3617	13	3604
1014	जनाएका	3616	3	3613
1019	गरिसकेको	3610	18	3592
1022	दिनभित्र	3597	13	3584
1025	पेश	3595	3	3592
1028	ओभरमा	3589	12	3577
1031	मुलुकको	3583	19	3564
1033	दुर्घटनामा	3573	21	3552
1034	तोकिएको	3570	23	3547
1035	बलमा	3563	16	3547
1038	पदमा	3546	29	3517
1043	उनीहरू	3524	100	3424
1044	कमिटी	3524	7	3517
1051	अर्थमन्त्री	3499	9	3490
1054	यदि	3485	260	3225
1056	उपाधि	3477	57	3420
1060	मन्त्रालयको	3471	27	3444
1063	कानुनी	3464	0	3464
1065	गराएका	3454	25	3429
1071	संविधानको	3436	31	3405
1073	उनीहरु	3434	6	3428
1074	कहिले	3428	102	3326
1078	गृहमन्त्री	3419	8	3411
1079	मुलुकमा	3414	5	3409
1081	प्राधिकरणका	3406	0	3406
1082	उद्देश्यले	3400	34	3366
1106	एमालेको	3350	9	3341
1113	कम्तीमा	3315	12	3303
1116	आएपछि	3304	30	3274
1117	कांग्रेसको	3301	0	3301
1123	महिलाको	3287	34	3253
1125	लि	3271	2	3269
1131	विभागका	3249	15	3234
1137	उजुरी	3233	0	3233
1141	शरणार्थी	3226	10	3216
1142	थालेपछि	3219	14	3205
1150	चुनौती	3196	14	3182
1151	रोजगारी	3194	5	3189
1152	देखिएका	3192	14	3178
1153	प्रधानमन्त्रीले	3183	1	3182
1154	रनको	3179	7	3172
1157	कोशी	3172	35	3137
1160	कार्कीले	3166	1	3165
1164	गाउँपालिकाका	3154	0	3154
1183	तहका	3104	3	3101
1184	भू	3102	6	3096
1187	सकिएको	3087	11	3076
1193	छन	3080	13	3067
1196	रहेकाले	3074	14	3060
1205	पाण्डेले	3060	12	3048
1207	गाउँपालिकामा	3054	0	3054
1213	त्यसले	3039	75	2964
1223	लगाएका	3017	26	2991
1226	नगरी	3010	30	2980
1228	भाइरसको	3006	1	3005
1235	तरकारी	2997	48	2949
1237	सन्दर्भमा	2997	52	2945
1238	खोजी	2993	33	2960
1239	नागरिकलाई	2991	20	2971
1240	नगरेको	2989	12	2977
1245	उनीहरुलाई	2977	3	2974
1248	पठाउनु	2972	1	2971
1257	सभामा	2960	18	2942
1266	उपप्रधानमन्त्री	2933	0	2933
1267	श्रेष्ठलाई	2932	5	2927
1268	अर्का	2931	29	2902
1276	निर्माणमा	2911	42	2869
1278	बीमा	2907	0	2907
1286	पठाएको	2887	7	2880
1287	अनिवार्य	2884	47	2837
1289	गाउँपालिकाले	2881	0	2881
1291	स्थिति	2864	102	2762
1307	मोरङको	2836	8	2828
1313	गाउँपालिकाको	2826	0	2826
1316	समूहले	2823	18	2805
1320	टिप्पणी	2807	24	2783
1324	सं	2802	12	2790
1325	झण्डै	2802	7	2795
1327	बीचमा	2800	34	2766
1328	संक्रमितको	2794	0	2794
1330	आयोगको	2788	11	2777
1332	सामग्रीबारे	2788	0	2788
1341	प्राधिकरणले	2760	0	2760
1343	समितिमा	2756	32	2724
1347	निर्वाचनको	2746	21	2725
1351	मगरले	2740	5	2735
1355	संसदमा	2731	5	2726
1356	अदालतको	2730	6	2724
1358	मिति	2721	28	2693
1359	महामन्त्री	2721	8	2713
1366	इन्टरनेशनल	2697	1	2696
1368	नागरिकको	2690	5	2685
1395	देखाएको	2628	11	2617
1398	काठमाडौंको	2623	0	2623
1400	प्रतियोगिताको	2617	11	2606
1401	गतिविधि	2616	24	2592
1408	घण्टामा	2597	1	2596
1410	राईले	2586	5	2581
1411	बताउनुभएको	2585	0	2585
1412	चौधरीले	2582	3	2579
1413	वायुको	2581	10	2571
1415	आयोगका	2577	7	2570
1418	घटनामा	2570	13	2557
1419	सेनाले	2568	43	2525
1424	कामको	2560	29	2531
1426	विदेशमा	2558	29	2529
1429	भएमा	2551	91	2460
1431	चेतावनी	2547	2	2545
1433	विगतमा	2533	9	2524
1443	विज्ञप्तिमा	2517	0	2517
1444	छलफलमा	2516	8	2508
1455	ल्याइएको	2494	21	2473
1460	आयोजनामा	2483	3	2480
1464	वर्षअघि	2476	33	2443
1466	मन्त्रालयमा	2475	9	2466
1469	बदली	2472	3	2469
1474	उसको	2469	143	2326
1475	रोकिएको	2465	4	2461
1481	वर्षाको	2459	6	2453
1487	गोली	2450	18	2432
1489	नेपालीमा	2449	81	2368
1491	कार्यान्वयनमा	2447	0	2447
1494	सभाको	2443	9	2434
1504	याउने	2431	26	2405
1505	संघका	2430	0	2430
1506	ढंगले	2430	0	2430
1509	पदाधिकारी	2423	0	2423
1515	नेपाललाइभमा	2412	0	2412
1516	बैंकका	2409	1	2408
1517	महानगरपालिकाले	2409	0	2409
1529	बाढी	2390	0	2390
1532	पक्षले	2382	19	2363
1551	कार्यालयको	2349	22	2327
1559	पार्टीमा	2338	27	2311
1565	गरिसकेका	2329	22	2307
1567	कानून	2329	7	2322
1572	यसपटक	2317	3	2314
1586	प्रतिपक्षको	2296	0	2296
1589	भइरहेका	2294	6	2288
1590	संस्थाको	2292	46	2246
1595	मनसुनी	2287	4	2283
1599	गौतमले	2284	2	2282
1604	स्थानीयले	2277	0	2277
1610	जनशक्ति	2274	4	2270
1611	भएकोले	2271	74	2197
1618	तयारीमा	2262	11	2251
1622	परिवारका	2260	12	2248
1623	संस्थागत	2257	26	2231
1626	भएसँगै	2250	5	2245
1630	लकडाउन	2245	0	2245
1631	सरकारसँग	2243	5	2238
1636	पानीपोखरी	2234	0	2234
1653	जसरी	2193	31	2162
1655	कोरोनाको	2190	0	2190
1665	प्राथमिकतामा	2172	0	2172
1668	दिनसम्म	2167	53	2114
1682	सकेका	2157	20	2137
1686	चितवनको	2155	7	2148
1687	बेन्चमा	2154	0	2154
1692	सघाएको	2149	0	2149
1693	प्रकरणका	2148	0	2148
1696	रुपन्देहीमा	2142	0	2142
1700	गठबन्धनको	2139	2	2137
1701	ढकालले	2139	3	2136
1703	भारतबाट	2138	16	2122
1705	घटनाको	2135	13	2122
1712	खाली	2119	53	2066
1717	जसपा	2111	0	2111
1722	जलवायु	2096	19	2077
1724	तोकेको	2095	2	2093
1727	बस्ती	2091	50	2041
1729	कर्मचारीको	2089	4	2085
1730	प्रहरीका	2089	0	2089
1731	महिलालाई	2088	15	2073
1746	कोइरालाले	2073	7	2066
1750	बजेदेखि	2068	8	2060
1756	पठाइएको	2062	6	2056
1757	लामिछानेसँग	2062	0	2062
1764	लेखेका	2052	52	2000
1765	तस्करलाई	2052	0	2052
1767	की	2050	2	2048
1770	रनमा	2048	10	2038
1772	नियुक्ति	2047	22	2025
1781	पोखरामा	2039	9	2030
1782	खड्कामाथि	2038	0	2038
1783	किसानले	2037	0	2037
1784	बजेटमा	2034	6	2028
1797	उखानै	2021	0	2021
1799	घिसिङबीच	2019	0	2019
1809	नियन्त्रणका	2004	1	2003
1810	मधेश	2002	6	1996
1812	प्रकरणमा	1999	5	1994
1818	परिवारलाई	1991	16	1975
1820	प्रविधिमन्त्री	1990	0	1990
1823	प्रक्रियामा	1983	18	1965
1825	मूल्यमा	1981	2	1979
1829	संघले	1976	0	1976
1831	उत्पादनमा	1974	13	1961
1834	समूहमा	1968	43	1925
1837	जोखिममा	1965	4	1961
1850	राज्यले	1950	36	1914
1852	तथ्यांक	1947	0	1947
1856	सदस्यमा	1942	0	1942
1857	पुनले	1941	1	1940
1861	निकालेको	1935	5	1930
1866	संख्यामा	1929	0	1929
1870	शाहीले	1924	2	1922
1871	मिनेट	1923	35	1888
1875	संकेत	1923	18	1905
1876	स्रोतले	1923	0	1923
1881	बस्नेतले	1917	4	1913
1882	विधि	1914	63	1851
1883	खनालले	1914	18	1896
1889	कर्मचारीलाई	1910	1	1909
1890	स्वीकृति	1909	13	1896
1897	विद्यार्थीलाई	1903	0	1903
1898	अध्यक्षमा	1902	8	1894
1899	रुपैयाँमा	1902	0	1902
1901	अर्थात	1899	15	1884
1902	घिमिरेले	1899	6	1893
1905	गएपछि	1897	22	1875
1907	एमसीसी	1897	0	1897
1908	बराबरी	1895	6	1889
1911	साहले	1891	0	1891
1915	बाध्यता	1888	8	1880
1917	अति	1887	124	1763
1923	टुंगो	1883	0	1883
1928	सञ्जालमा	1878	4	1874
1930	सरकारबाट	1874	16	1858
1932	क्रमशः	1870	11	1859
1933	महाशाखाले	1870	0	1870
1934	सदस्यको	1870	0	1870
1935	विपक्षी	1869	13	1856
1937	प्रतिपक्षी	1868	2	1866
1949	यात्रु	1852	2	1850
1950	रही	1850	13	1837
1952	विकासमन्त्री	1848	0	1848
1954	नेताहरु	1847	0	1847
1957	हुनेमा	1842	4	1838
1961	गठबन्धनका	1832	4	1828
1965	हातमा	1825	69	1756
1970	महिलाले	1824	29	1795
1980	अभियानमा	1816	34	1782
1983	समुद्रपारि	1813	0	1813
1987	निर्वाचनका	1809	3	1806
1990	लामिछानेले	1808	0	1808
1994	फाइनलमा	1802	2	1800
1997	समुदायको	1800	23	1777
2001	अलि	1799	34	1765
2003	प्रतिवेदनमा	1798	4	1794
2004	व्यवसायीले	1798	0	1798
2005	लिगको	1797	5	1792
2008	पार्टीलाई	1794	3	1791
2014	चोरी	1790	13	1777
2017	तरिकाले	1783	46	1737
2019	देशलाई	1782	9	1773
2020	हकमा	1780	18	1762
2022	याउन	1779	45	1734
2028	गर्छु	1769	34	1735
2036	विभागको	1763	11	1752
2042	कार्यकालको	1756	10	1746
2043	दरले	1754	18	1736
2048	ओलीलाई	1751	2	1749
2049	दावी	1751	7	1744
2051	विज्ञप्ति	1750	3	1747
2053	मन्दिरमा	1746	101	1645
2055	प्रभावका	1744	8	1736
2061	क्षमताको	1735	16	1719
2064	कार्यक्रमलाई	1732	2	1730
2068	बचत	1726	1	1725
2072	श्रेष्ठको	1724	11	1713
2074	पार्टीभित्रको	1723	0	1723
2076	जीवनमा	1721	81	1640
2079	प्रहरीलाई	1719	1	1718
2082	किसानलाई	1718	1	1717
2085	महत्व	1712	7	1705
2089	केहि	1705	5	1700
2090	हुनेको	1704	5	1699
2093	आफैं	1702	2	1700
2096	अध्यक्षतामा	1700	7	1693
2098	आगलागी	1699	1	1698
2103	बताउनु	1694	1	1693
2108	यसबारे	1688	7	1681
2111	फर्किएका	1686	3	1683
2117	संस्थाका	1678	10	1668
2121	उपचारको	1674	5	1669
2122	कर्मचारीले	1673	3	1670
2123	चालू	1673	1	1672
2124	बरु	1672	25	1647
2126	अधिकतम	1669	28	1641
2135	माओवादीले	1660	22	1638
2138	शरीरमा	1657	90	1567
2139	हामीसँग	1657	4	1653
2143	कसैको	1652	35	1617
2152	यसैबीच	1644	1	1643
2153	रुपैयाँको	1644	0	1644
2154	मुलुकका	1643	1	1642
2159	विद्यालयको	1639	17	1622
2169	नेताहरुले	1629	0	1629
2176	लिइएको	1626	23	1603
2179	समस्यामा	1625	2	1623
2180	सी	1622	30	1592
2185	बालबालिकालाई	1616	12	1604
2186	प्रतिनिधिसभाको	1616	0	1616
2188	प्रवद्र्धन	1613	0	1613
2189	कार्यविधि	1612	0	1612
2190	गराइएको	1610	22	1588
2191	एजेन्सी	1610	11	1599
2194	बर्ष	1609	0	1609
2201	संचालन	1597	0	1597
2203	सुरू	1594	88	1506
2205	दिनुभएको	1593	13	1580
2210	उत्कर्षमा	1591	0	1591
2220	कारवाही	1582	11	1571
2223	खसेको	1581	2	1579
2225	दोषी	1578	23	1555
2229	टोलीमा	1575	4	1571
2234	समयसम्म	1571	64	1507
2236	प्रष्ट	1570	24	1546
2237	व्यवस्थापनमा	1570	3	1567
2242	अबको	1565	2	1563
2243	रोपनी	1565	0	1565
2244	न्यूज	1565	0	1565
2249	खटिएको	1561	0	1561
2251	घरमै	1560	7	1553
2253	अभिव्यक्ति	1559	19	1540
2256	नेताहरू	1557	22	1535
2259	मन्त्रिपरिषद्को	1553	0	1553
2260	सापकोटाले	1553	0	1553
2261	संसदको	1552	5	1547
2265	फिल्मको	1548	34	1514
2267	रणनीति	1545	5	1540
2269	संविधानले	1544	13	1531
2271	आमाको	1543	64	1479
2274	जितेका	1541	21	1520
2275	नागरिकले	1541	2	1539
2282	योजनामा	1539	2	1537
2288	राष्ट्रपतिको	1536	9	1527
2291	सचिवालयले	1535	0	1535
2293	गइरहेको	1532	9	1523
2296	गरेकाले	1529	19	1510
2301	बाढीले	1523	0	1523
2302	नियमावली	1522	10	1512
2303	प्रणालीमा	1522	15	1507
2305	विरोधमा	1519	7	1512
2316	समस्याको	1512	26	1486
2317	संक्रमणको	1512	0	1512
2319	बोर्डले	1511	0	1511
2321	खुशी	1509	8	1501
2324	मनमा	1508	43	1465
2329	सदस्यले	1505	0	1505
2331	निकायले	1503	13	1490
2334	चौका	1500	4	1496
2335	प्रवृत्ति	1500	26	1474
2336	बैठकको	1500	0	1500
2337	याएको	1497	11	1486
2338	बजेटको	1497	0	1497
2339	समृद्धि	1496	5	1491
2341	कुरालाई	1493	49	1444
2343	नेपालीलाई	1492	6	1486
2344	खेलाडीले	1492	35	1457
2367	दिइने	1471	27	1444
2372	अन्तरिम	1466	40	1426
2373	नेकपाका	1466	0	1466
2374	दिइन्	1465	20	1445
2378	टोलीको	1462	2	1460
2380	विद्यालयका	1460	2	1458
2383	भित्री	1456	48	1408
2384	बालुवाटारमा	1456	0	1456
2386	पशुपति	1455	13	1442
2389	गरेमा	1452	78	1374
2392	पत्रमा	1450	8	1442
2398	स्वास्थ्यमा	1446	11	1435
2401	सचेतक	1446	3	1443
2406	अर्यालले	1440	0	1440
2407	उत्तिकै	1439	41	1398
2409	समारोहमा	1439	17	1422
2410	समाधानका	1439	0	1439
2413	राखी	1436	66	1370
2415	हाफमा	1435	0	1435
2416	पारेका	1433	11	1422
2417	संसद्मा	1431	0	1431
2418	फोरममा	1429	0	1429
2421	उपलब्धि	1427	10	1417
2430	भन्नेमा	1418	5	1413
2431	दिनअघि	1417	8	1409
2433	स्थिरताका	1417	0	1417
2434	आयोगमा	1416	0	1416
2441	विद्यादेवी	1413	0	1413
2442	पीसीआर	1413	0	1413
2443	बुझाएको	1412	4	1408
2446	निगमले	1409	2	1407
2461	गल्ती	1398	56	1342
2463	संयोजकत्वमा	1398	0	1398
2465	पाएपछि	1397	14	1383
2466	भेटि	1397	0	1397
2469	कसले	1396	18	1378
2471	ओलीलाइ	1395	0	1395
2473	सत्तरोहणसँगै	1393	0	1393
2477	पूरै	1392	15	1377
2480	पर्नेमा	1390	4	1386
2483	तीमध्ये	1389	9	1380
2487	देशले	1386	15	1371
2488	स्वदेशी	1386	16	1370
2490	अत्यावश्यक	1384	4	1380
2492	गुमाएका	1384	0	1384
2494	थपिएका	1382	8	1374
2495	जसका	1381	64	1317
2497	जसमध्ये	1380	30	1350
2499	देखिएपछि	1378	4	1374
2502	अल	1377	17	1360
2503	दिवसको	1377	15	1362
2504	नभएपछि	1376	5	1371
2507	त्यसरी	1372	34	1338
2508	महानगरले	1372	0	1372
2509	सांसदले	1371	0	1371
2512	उहाँका	1369	56	1313
2514	सुरक्षाको	1368	15	1353
2515	सहयोगी	1367	27	1340
2516	नेपालीले	1367	13	1354
2517	सवार	1366	5	1361
2518	शक्तिशाली	1365	44	1321
2519	नभएसम्म	1365	4	1361
2522	महासंघका	1364	0	1364
2528	परिस्थिति	1360	5	1355
2530	पुँजी	1360	7	1353
2533	कामलाई	1357	17	1340
2537	खतिवडाले	1355	0	1355
2538	दिल्ली	1352	122	1230
2541	महतले	1351	4	1347
2543	भेटमा	1349	0	1349
2545	पुगेपछि	1348	17	1331
2547	जोशीले	1345	7	1338
2552	चाहेको	1343	25	1318
2558	निवासी	1341	29	1312
2559	गतिमा	1340	19	1321
2563	नभएकाले	1340	6	1334
2565	साथी	1339	45	1294
2566	थियौं	1339	3	1336
2567	इजलासले	1339	1	1338
2572	संविधानमा	1335	22	1313
2574	त्यहाँको	1334	20	1314
2578	उसलाई	1331	65	1266
2579	सांसदहरुले	1327	0	1327
2585	कार्यालयबाट	1324	5	1319
2586	सिँचाइमन्त्री	1324	0	1324
2587	तहले	1324	0	1324
2590	गतेको	1320	7	1313
2593	करीब	1319	4	1315
2594	टिमले	1319	3	1316
2597	राष्ट्रपतिले	1316	6	1310
2599	बालबालिकाको	1314	8	1306
2600	देखिए	1314	8	1306
2604	देशभरका	1311	3	1308
2607	योसँगै	1310	0	1310
2609	एकको	1308	4	1304
2613	खेलबाट	1307	12	1295
2619	लगानीमा	1305	3	1302
2621	बढाइएको	1303	7	1296
2624	अनावश्यक	1299	10	1289
2625	चाहन्छु	1299	32	1267
2628	बी	1298	24	1274
2629	आयोजनाले	1298	3	1295
2632	मासु	1296	24	1272
2639	पूर्वप्रधानमन्त्री	1294	0	1294
2641	अभियोगमा	1292	8	1284
2643	भविष्यमा	1291	32	1259
2644	कानूनी	1290	4	1286
2646	आजदेखि	1289	0	1289
2648	बिरामीलाई	1288	3	1285
2649	अर्थतन्त्रमा	1287	4	1283
2651	महिनादेखि	1287	10	1277
2655	विद्यार्थीले	1285	1	1284
2656	किसानको	1285	0	1285
2657	बताएकी	1285	0	1285
2658	आपत्ति	1284	5	1279
2659	नेताहरूले	1283	15	1268
2666	पालिका	1278	0	1278
2668	पदार्थको	1277	17	1260
2670	सुवेदीले	1277	4	1273
2672	पक्षका	1275	2	1273
2676	स्रोतका	1273	8	1265
2677	वस्तुको	1272	26	1246
2678	कोठामा	1272	9	1263
2682	गठबन्धनमा	1271	3	1268
2683	असन्तुष्टि	1271	0	1271
2689	खेलाडीलाई	1269	4	1265
2693	प्राधिकरणको	1267	3	1264
2694	तपाईंको	1267	0	1267
2696	तामाङले	1266	2	1264
2699	समृद्धिको	1266	5	1261
2700	भएकोमा	1265	16	1249
2703	उम्मेदवारको	1265	0	1265
2704	घरबाट	1264	23	1241
2707	किनकि	1262	18	1244
2708	समझदारी	1262	4	1258
2709	मानिसलाई	1261	36	1225
2710	अभावमा	1259	22	1237
2713	अधिकारको	1258	22	1236
2714	गिरीले	1257	2	1255
2716	दूरी	1256	19	1237
2720	आदिवासी	1254	97	1157
2721	गोलको	1253	2	1251
2722	सुपर	1253	17	1236
2724	भीड	1253	6	1247
2725	सेमिफाइनलमा	1253	4	1249
2727	पक्षको	1252	12	1240
2733	काँग्रेसका	1250	0	1250
2735	दिशामा	1248	36	1212
2737	डिग्री	1246	79	1167
2738	बढीको	1244	3	1241
2740	सहकार्यमा	1244	5	1239
2742	सकिएपछि	1242	4	1238
2743	शिक्षाको	1241	36	1205
2745	अधिकारीको	1240	8	1232
2746	संसद्को	1240	3	1237
2750	उपाध्यक्षमा	1238	0	1238
2751	त्यसबाट	1237	31	1206
2753	लागी	1236	18	1218
2754	स्वास्थ्यकर्मी	1236	8	1228
2760	महाशाखाका	1233	0	1233
2761	लिगमा	1232	6	1226
2762	जग्गामा	1231	14	1217
2765	जनप्रतिनिधि	1228	0	1228
2768	सधैं	1227	13	1214
2771	जग्गाको	1226	5	1221
2775	विपक्षमा	1223	6	1217
2778	सञ्चालनका	1221	6	1215
2780	पावर	1220	15	1205
2784	निकायको	1219	5	1214
2785	ट्रम्पले	1219	0	1219
2789	नम्बरमा	1216	13	1203
2791	निजामती	1215	29	1186
2795	समाजवादीका	1214	0	1214
2799	संक्रमणबाट	1211	0	1211
2801	खालका	1210	22	1188
2803	जीवनको	1207	103	1104
2804	आशंका	1207	1	1206
2805	कोरोनाका	1207	0	1207
2806	सहितको	1206	10	1196
2809	रोजगारीका	1204	3	1201
2810	ट्रंक	1204	0	1204
2816	उठेको	1200	8	1192
2817	विमानस्थलको	1200	2	1198
2819	अंकले	1200	0	1200
2820	समाजका	1199	34	1165
2823	लगिएको	1198	3	1195
2824	भन्नु	1195	34	1161
2825	आयोजनाका	1195	2	1193
2829	नदिएको	1194	3	1191
2832	अदालतका	1191	0	1191
2834	गठबन्धनले	1190	4	1186
2835	काठमाडौंका	1189	0	1189
2840	ज्ञवालीले	1187	0	1187
2841	न्यौपानेले	1186	1	1185
2847	समुदायलाई	1184	10	1174
2859	कमजोरी	1179	5	1174
2863	प्रतिस्पर्धी	1179	2	1177
2865	पहिरोले	1178	1	1177
2866	रोजगारीमा	1178	1	1177
2870	विरुद्धको	1175	14	1161
2871	नारायणकाजी	1175	0	1175
2872	पशु	1174	19	1155
2875	प्रचण्डको	1173	5	1168
2882	राजश्व	1170	0	1170
2883	महासंघले	1170	0	1170
2884	गर्दछु	1169	63	1106
2886	धनी	1167	24	1143
2893	भ्रमणका	1164	8	1156
2895	निगरानी	1163	11	1152
2901	विस्तारै	1158	10	1148
2902	टोलीलाई	1158	6	1152
2911	सुरक्षाका	1155	10	1145
2916	गरिबी	1152	14	1138
2922	पुरुषको	1150	21	1129
2924	गर्छौं	1148	12	1136
2925	एकताको	1148	15	1133
2931	विदेशबाट	1146	4	1142
2932	अनुभूति	1144	20	1124
2936	राज्यका	1143	25	1118
2942	हौं	1141	7	1134
2947	बस्तीमा	1140	3	1137
2951	कमिटीको	1137	3	1134
2953	हाराहारीमा	1136	9	1127
2957	राष्ट्रको	1135	34	1101
2958	विवादमा	1135	18	1117
2962	स्थानीयको	1132	5	1127
2963	सदस्यता	1132	0	1132
2966	लगानीको	1131	4	1127
2968	पार्टीभित्र	1129	7	1122
2969	बढेपछि	1129	0	1129
2971	आन्दोलनका	1125	27	1098
2972	यू	1125	1	1124
2974	अनुसन्धानका	1122	4	1118
2978	आफूहरुले	1119	0	1119
2980	आपसी	1117	17	1100
2981	स्रोतको	1117	5	1112
2985	आफैंले	1115	2	1113
2987	घटनाका	1114	1	1113
2988	जनतामा	1113	6	1107
2996	भुसालले	1109	4	1105
2998	गरौं	1107	14	1093
2999	भरमा	1107	10	1097
3001	समावेशी	1106	4	1102
3004	व्यवस्थापनका	1104	12	1092
3007	तस्करी	1102	2	1100
3009	लागतमा	1100	4	1096
3012	स्थानीयवासी	1100	0	1100
3014	दरबन्दी	1099	10	1089
3016	माओवादीका	1098	13	1085
3018	बोलाइएको	1097	0	1097
3019	परिसरमा	1096	10	1086
3020	आक्रमणमा	1095	11	1084
3021	पदका	1095	5	1090
3023	लाखको	1094	9	1085
3024	गरिए	1094	36	1058
3027	छक्का	1094	0	1094
3037	भिडियोमा	1092	4	1088
3039	पारी	1090	30	1060
3040	देउवालाई	1089	3	1086
3041	सुधारका	1088	6	1082
3048	गीतको	1086	14	1072
3049	क्वारेन्टाइनमा	1086	0	1086
3056	कटौती	1082	9	1073
3057	नसकेपछि	1082	6	1076
3063	लिई	1079	20	1059
3066	नमूना	1078	6	1072
3068	प्रदर्शनमा	1077	6	1071
3071	मन्दिरको	1077	116	961
3073	भनेपछि	1076	13	1063
3075	विकेटको	1075	1	1074
3076	सुवेदी	1075	22	1053
3077	प्रचण्डलाई	1075	1	1074
3080	उन्मुक्ति	1073	0	1073
3084	विष्टले	1071	0	1071
3087	वर्षभित्र	1070	1	1069
3091	तिमी	1067	67	1000
3094	भएकाे	1067	0	1067
3095	बैशाख	1066	32	1034
3097	तयारीका	1065	1	1064
3101	सहयोगको	1063	18	1045
3103	रोजगारीको	1063	3	1060
3105	हाे	1062	2	1060
3107	पदबाट	1061	12	1049
3108	प्रश्नको	1061	6	1055
3111	क्लबले	1059	3	1056
3113	महाधिवेशनमा	1059	2	1057
3116	अनुसन्धानमा	1057	2	1055
3118	संस्करणको	1057	1	1056
3119	च्याम्पियन्स	1057	8	1049
3120	विश्वकपमा	1057	2	1055
3122	बैंकमा	1056	2	1054
3123	प्रतिस्पर्धामा	1056	2	1054
3125	र्	1055	29	1026
3127	आइसोलेसनमा	1054	0	1054
3136	उद्योगी	1051	0	1051
3137	विगतका	1050	7	1043
3143	चलाएको	1048	14	1034
3149	पक्षलाई	1047	12	1035
3151	कोषमा	1047	0	1047
3153	मुख्यमन्त्रीमा	1046	0	1046
3158	सुनसरी	1043	23	1020
3161	सुत्केरी	1042	13	1029
3171	लाखभन्दा	1038	0	1038
3174	क्रिकेटको	1036	2	1034
3180	रास्वपा	1035	0	1035
3184	मोदीले	1034	0	1034
3185	महराले	1034	0	1034
3187	समुदायले	1033	21	1012
3188	प्रतिशतभन्दा	1033	2	1031
3191	एसीसी	1032	2	1030
3192	संघीयता	1032	0	1032
3193	खातामा	1031	14	1017
3194	सांसदको	1031	1	1030
3196	प्रतिनिधिसभामा	1030	0	1030
3198	उद्योगमा	1029	12	1017
3199	बराबरीमा	1029	3	1026
3203	मुलुकलाई	1028	4	1024
3207	उठाएको	1026	10	1016
3209	मृतक	1026	1	1025
3210	काठमाडौँको	1025	82	943
3214	रावलले	1024	8	1016
3216	गरेसँगै	1023	0	1023
3218	मसान्तसम्म	1021	1	1020
3220	बनेपछि	1020	13	1007
3221	स्थितिमा	1019	53	966
3222	गर्नुका	1019	14	1005
3224	विकेटले	1018	4	1014
3230	राजधानीमा	1015	4	1011
3234	बोलाएको	1015	0	1015
3237	विशेषगरी	1014	14	1000
3240	देउवाको	1013	0	1013
3241	वायु	1012	20	992
3243	एकातिर	1012	11	1001
3245	गर्नुको	1011	22	989
3246	इजलासमा	1011	0	1011
3248	नेकपाको	1010	0	1010
3250	परीक्षणमा	1009	1	1008
3256	चुनावको	1007	8	999
3258	आइतवार	1006	5	1001
3262	हिरासतमा	1006	7	999
3263	रंगशालामा	1006	0	1006
3265	आफूहरु	1004	0	1004
3266	हिन्दू	1003	85	918
3272	खोपको	1003	0	1003
3277	प्रहरीमा	1000	0	1000
3282	कारबाहीको	998	1	997
3288	पक्कै	996	14	982
3290	निकायमा	996	4	992
3292	पुलको	995	7	988
3293	लगायतको	995	0	995
3294	क्षतिपूर्ति	994	19	975
3299	सम्बन्धलाई	992	2	990
3310	युवालाई	987	2	985
3312	गरेपनि	987	2	985
3313	छानविन	987	0	987
3316	नसकिएको	985	0	985
3317	शंका	985	0	985
3320	भारतसँग	983	1	982
3321	स्तरोन्नति	983	0	983
3324	शुरू	982	1	981
3325	घोराही	982	0	982
3327	अर्थतन्त्रको	981	3	978
3328	तालिका	980	7	973
3332	लोकतन्त्रको	977	3	974
3333	आवमा	977	0	977
3334	रहेकी	976	5	971
3336	मानिसहरु	976	0	976
3338	वर्षाका	974	3	971
3340	उम्मेदवारले	974	0	974
3341	चितवनमा	973	5	968
3344	बढेका	971	11	960
3346	गरेकोमा	971	14	957
3349	समितिलाई	970	6	964
3350	परिवर्तनका	970	16	954
3351	नवौं	970	0	970
3358	जनजाति	967	41	926
3359	कार्यान्वयनका	967	1	966
3361	आजबाट	966	4	962
3362	भक्तपुरमा	965	10	955
3367	रनले	965	0	965
3368	समेटिएको	965	0	965
3370	भइ	964	7	957
3371	सुरक्षाकर्मी	964	1	963
3372	रोगका	963	8	955
3373	कार्यलाई	963	21	942
3377	आइएमई	961	0	961
3381	परीक्षामा	960	8	952
3384	म्याग्दीको	959	2	957
3386	साधनको	959	2	957
3387	गठनको	959	0	959
3389	आवद्ध	958	5	953
3391	पालिकामा	956	0	956
3393	उठाएका	955	6	949
3394	विहान	955	1	954
3395	रेग्मीले	955	5	950
3400	केजी	953	2	951
3402	राज्यमन्त्री	953	2	951
3405	हुनुपर्नेमा	952	0	952
3408	महानगरपालिकाका	951	0	951
3411	सयभन्दा	950	7	943
3412	वैशाखमा	949	20	929
3415	प्रशिक्षणमा	948	4	944
3416	हिउँ	948	13	935
3417	चिनी	947	22	925
3420	दिवसका	947	2	945
3423	सडकअन्तर्गत	945	0	945
3427	उपराष्ट्रपति	943	12	931
3428	उत्रिएका	943	5	938
3431	व्यापारी	943	14	929
3433	व्यवसायीलाई	942	0	942
3436	सर्वोच्चले	942	0	942
3439	बढि	941	4	937
3443	टु	939	28	911
3444	नामावली	939	3	936
3447	अख्तियारले	939	0	939
3460	सकेसम्म	935	29	906
3463	गर्मी	934	57	877
3464	झाले	934	2	932
3468	राती	933	14	919
3469	प्रयोजनका	933	1	932
3472	वास्तवमा	932	45	887
3473	मूल्यांकन	932	0	932
3477	एमालेबाट	930	5	925
3482	नेतालाई	929	0	929
3484	संस्थालाई	928	14	914
3485	शाक्यले	928	0	928
3486	आर्मी	927	6	921
3489	प्रधानमन्त्रीलाई	925	2	923
3490	सम्झौतामा	925	2	923
3491	चौकी	924	14	910
3494	परिषद्को	924	6	918
3497	सेनाका	923	36	887
3499	आवको	922	0	922
3501	मधेसी	921	19	902
3504	स्वाब	921	0	921
3505	मेलम्चीको	921	0	921
3512	भैरहेको	918	27	891
3514	ध्यानमा	918	16	902
3515	अधिकृतको	918	0	918
3516	गाडीको	918	0	918
3522	प्रदेशसभाको	916	0	916
3523	थापालाई	916	0	916
3526	रुपैयाँले	914	0	914
3529	प्रदेशले	913	4	909
3532	कैलालीको	912	4	908
3535	नेतृत्वले	911	3	908
3536	नायव	911	2	909
3537	ग्राहकले	911	0	911
3539	विरोधी	910	54	856
3541	सम्मको	908	27	881
3542	नेपालमै	908	21	887
3543	विधेयकमा	908	9	899
3549	पक्की	905	20	885
3551	दाहालको	905	2	903
3555	जितमा	902	0	902
3557	ढङ्गले	901	26	875
3558	यससँगै	901	4	897
3559	प्रदेशसभामा	901	0	901
3560	महानगरपालिकाको	900	1	899
3562	गएराति	900	0	900
3563	मंगलवार	900	0	900
3565	नेताहरुको	900	0	900
3568	छायांकन	899	0	899
3570	आफैँले	898	20	878
3571	विश्वविद्यालयको	898	18	880
3572	युएई	898	0	898
3573	शक्तिको	897	26	871
3575	मन्त्रालयलाई	897	3	894
3577	कार्यान्वयनको	896	6	890
3583	प्रस्तावमा	894	5	889
3586	प्रतिद्वन्द्वी	893	3	890
3589	अधिकारीहरुले	893	0	893
3592	कोषको	892	5	887
3593	पर्यटकलाई	892	6	886
3594	समग्रमा	892	7	885
3596	महिनापछि	890	15	875
3603	निर्णयमा	889	4	885
3604	कार्यसमिति	888	2	886
3605	सङ्क्रमितको	888	0	888
3606	प्रतिशतसम्म	887	6	881
3607	गर्भवती	887	11	876
3608	यादवको	886	11	875
3612	हुनेगरी	885	3	882
3613	बर्सेनि	885	0	885
3614	क्रिकेटमा	885	0	885
3615	जाहेरी	885	0	885
3617	ठाउँबाट	884	17	867
3623	जी	883	17	866
3624	कम्तिमा	883	12	871
3626	सेटमा	883	3	880
3630	साताको	882	3	879
3631	कुनैपनि	881	1	880
3632	भ्रमणको	881	4	877
3639	पौडेललाई	880	1	879
3644	बाहिरबाट	878	15	863
3646	भागका	877	5	872
3649	निकायका	877	2	875
3654	डिएसपी	876	0	876
3657	दलहरूले	875	6	869
3660	योजनाको	873	19	854
3661	कार्यकर्तालाई	873	3	870
3665	परराष्ट्रमन्त्री	871	2	869
3666	अनुसारको	870	8	862
3668	सिफारिसमा	870	6	864
3674	शिक्षामा	868	8	860
3675	सहमतिमा	868	3	865
3676	राख्नु	868	25	843
3677	प्रदर्शनी	867	11	856
3679	दमौली	867	4	863
3682	लिएपछि	866	9	857
3683	गुरु	866	61	805
3684	चाँदीको	866	22	844
3686	प्रतिष्ठानका	865	6	859
3688	श्रीलंकामा	865	0	865
3693	हलमा	863	10	853
3694	राजनीतिका	863	2	861
3696	निवासमा	862	6	856
3699	आजका	862	5	857
3700	धम्की	862	4	858
3701	अर्काे	862	0	862
3704	वाग्मती	861	1	860
3705	महासंघको	861	0	861
3708	चौधरीको	860	10	850
3710	जडीबुटी	860	3	857
3713	तपाईंले	859	0	859
3718	ललितपुरमा	857	12	845
3719	भन्नेबारे	857	4	853
3720	बोर्डका	857	0	857
3724	हरि	856	6	850
3726	कोषले	855	0	855
3728	संरक्षणका	854	5	849
3729	समूहलाई	853	15	838
3733	डीएसपी	853	0	853
3737	व्यवहारमा	851	25	826
3740	सभाबाट	850	3	847
3741	उद्योगको	849	2	847
3743	विश्वविद्यालयका	849	6	843
3744	छलफलका	849	2	847
3745	दूतावासले	849	0	849
3746	आइरहेका	848	9	839
3751	राहदानी	847	2	845
3756	महिनाअघि	845	4	841
3759	बाध्यतामा	844	0	844
3760	पठाएका	843	13	830
3762	चीनबाट	843	1	842
3770	रिजालले	841	3	838
3771	सदस्यलाई	841	0	841
3776	व्यवसायीको	840	0	840
3778	मन्त्रीको	839	7	832
3779	करिव	839	16	823
3781	सुनचाँदी	839	2	837
3785	भतेरीमा	838	0	838
3787	पटकको	837	7	830
3789	कानुनको	837	0	837
3791	किशोरी	836	1	835
3794	प्रकृति	834	17	817
3798	केभी	833	0	833
3799	ओभर	832	3	829
3803	एसएसपी	832	0	832
3804	अभियानको	831	16	815
3805	कार्यकालमा	831	7	824
3806	त्यसमध्ये	831	6	825
3807	संरक्षणमा	831	8	823
3809	अनुसन्धानको	830	15	815
3810	रहेकोमा	830	4	826
3812	मुलुकले	830	2	828
3815	खोजीमा	829	10	819
3816	पाउनु	829	27	802
3819	समन्वयमा	829	0	829
3820	अन्तरले	828	4	824
3821	भोलिपल्ट	828	15	813
3830	सेवाका	826	5	821
3831	संगठनको	825	12	813
3835	तत्कालिन	822	12	810
3840	राष्ट्रियसभाको	821	0	821
3846	अदालतबाट	820	1	819
3848	सोमवार	820	0	820
3850	मान्छेले	819	46	773
3855	बनाउनका	818	6	812
3859	टिममा	817	8	809
3869	बिहीवार	815	0	815
3870	गर्नको	814	87	727
3873	सबैमा	814	14	800
3879	शीर्षकमा	813	2	811
3880	निकायलाई	813	0	813
3881	प्रकृतिको	812	18	794
3882	देखेपछि	812	11	801
3885	टिमको	811	9	802
3886	दायरामा	811	1	810
3887	उम्मेदवारलाई	811	0	811
3891	एकतालाई	810	7	803
3893	प्रमुखको	809	3	806
3895	समाजवादीले	809	0	809
3898	पन्तले	808	15	793
3899	महानगरको	808	3	805
3901	ऐनमा	807	3	804
3902	प्रयोगशाला	807	8	799
3903	परिरहेको	807	9	798
3918	काँग्रेसले	803	0	803
3919	सदस्यका	803	0	803
3923	थारु	802	9	793
3927	अनौपचारिक	800	14	786
3930	नआएको	800	0	800
3931	लगानीकर्ताले	800	0	800
3939	राणाले	798	19	779
3940	वातावरणमन्त्री	798	0	798
3942	वडाका	798	0	798
3943	क्षेत्री	797	40	757
3944	निगमको	797	11	786
3949	शाखाका	796	3	793
3952	परिस्थितिमा	795	14	781
3953	एएफसी	794	0	794
3955	ऐनको	793	7	786
3957	आशिस	793	0	793
3958	लागुऔषध	793	0	793
3959	तपाईले	793	0	793
3962	रकमको	792	6	786
3963	गरिदिएको	792	14	778
3965	स्थानबाट	791	6	785
3966	आमाले	791	27	764
3973	उखु	789	15	774
3975	बढीमा	789	5	784
3976	पदको	789	17	772
3982	विषयको	787	33	754
3986	पीडितलाई	787	0	787
3988	अवस्थालाई	786	20	766
3990	परीक्षणको	786	0	786
3992	बोर्डको	785	4	781
3994	कांग्रेसलाई	785	0	785
3995	करणी	785	0	785
3996	उपस्थितिमा	784	5	779
3997	खोजिएको	784	13	771
3999	तनहुँमा	784	0	784
4001	फागुनमा	783	16	767
4008	रुपैयाँसम्म	782	0	782
4009	अन्त्यमा	781	28	753
4010	अध्ययनका	781	12	769
4015	तराईका	780	5	775
4016	खर्चको	780	7	773
4020	यु	779	14	765
4021	गर्नुपरेको	779	9	770
4023	निष्कर्षमा	779	8	771
4024	अधिकारीहरूले	779	3	776
4029	महर्जनले	778	0	778
4031	जनवरी	776	65	711
4032	असारमा	776	8	768
4037	काठमाडौंबाट	776	0	776
4038	खत्री	775	4	771
4040	ना	775	1	774
4045	सुचारु	774	1	773
4049	समस्याका	773	5	768
4052	जमिनमा	772	12	760
4054	गर्नेगरी	772	0	772
4055	सम्मेलनको	771	14	757
4062	राजमार्गअन्तर्गत	770	0	770
4063	सास्ती	769	2	767
4070	गुरुङको	767	6	761
4076	छनोटमा	765	4	761
4079	पूर्णिमाका	765	16	749
4080	लकडाउनको	765	0	765
4081	एमालेलाई	765	0	765
4082	नेताहरूको	764	4	760
4085	गैरसरकारी	763	20	743
4087	फेरी	763	17	746
4088	रानाले	763	4	759
4089	यादवलाई	762	3	759
4091	छात्रवृत्ति	762	2	760
4092	सुरुवाती	762	4	758
4094	सिंहदरबारमा	762	0	762
4095	चलचित्रको	761	25	736
4097	सिलसिलामा	761	17	744
4099	ठाउँका	761	5	756
4102	प्रतिशतमा	760	1	759
4108	हितमा	760	11	749
4112	सहमतिको	758	1	757
4113	कारोबारमा	758	0	758
4114	समयपछि	757	18	739
4118	वनमा	757	15	742
4119	देखेको	757	19	738
4121	उपकुलपति	756	6	750
4123	एमालेमा	755	3	752
4124	समस्यालाई	755	11	744
4125	रू	754	3	751
4127	विदेशमन्त्री	754	3	751
4128	च्याम्पियनसिपमा	754	4	750
4129	बैठकबाट	754	0	754
4135	बजेतिर	752	1	751
4138	बेलायतमा	751	11	740
4143	तहलाई	750	0	750
4144	सचेतकमा	750	0	750
4145	विश्वकपको	749	3	746
4146	विस्तारका	749	0	749
4148	स्थानहरूमा	748	33	715
4149	अर्थतन्त्रलाई	748	2	746
4151	आठौं	748	0	748
4154	चिकित्सकले	747	0	747
4159	अत्याधिक	745	73	672
4161	मतको	745	11	734
4166	शहरी	744	1	743
4168	रोकिएका	744	0	744
4170	आसपासका	743	10	733
4173	दलहरू	742	21	721
4174	अध्ययनले	742	1	741
4175	गरेकाे	742	0	742
4178	पारदर्शी	741	1	740
4179	खरिदमा	740	3	737
4182	फेसबुकमा	740	3	737
4184	दिइरहेको	739	8	731
4189	तातोपानी	738	5	733
4190	दैनिकमा	738	4	734
4191	प्रतिष्ठानले	738	13	725
4192	सचिवमा	738	0	738
4194	बीचको	737	10	727
4196	आयातमा	737	3	734
4198	कोरोनाबाट	737	0	737
4207	कार्यकर्ताले	735	2	733
4208	रुपन्देही	735	0	735
4209	अनुरुप	735	0	735
4210	हुनुका	734	6	728
4211	युनाइटेडले	734	0	734
4212	प्रधानमन्त्रीका	733	13	720
4217	आयोजकले	733	0	733
4221	सेनामा	731	37	694
4222	उनीसँग	731	25	706
4224	संकटमा	731	0	731
4227	सामग्रीको	730	10	720
4228	महतोले	730	4	726
4230	रुसले	730	0	730
4234	सचिवालयका	729	2	727
4237	भ्रष्टाचारको	728	12	716
4238	यसपालि	728	0	728
4240	नीतिको	727	18	709
4241	फर्किएको	726	2	724
4242	दिई	726	22	704
4244	जेलमा	726	43	683
4246	मुआब्जा	726	0	726
4250	साउनमा	723	12	711
4252	हुनुको	723	26	697
4254	छोराको	723	37	686
4256	जवाफमा	723	4	719
4258	कृषिमा	722	19	703
4259	रुप	722	0	722
4263	क्लबका	721	4	717
4269	शहीद	720	4	716
4270	संगठनले	720	3	717
4271	सहकारीको	720	0	720
4272	गठबन्धनबाट	720	0	720
4275	बिभिन्न	719	0	719
4278	अभियानलाई	718	3	715
4281	मुम्बई	718	10	708
4284	कार्यक्रमले	718	3	715
4287	खानले	718	1	717
4290	महोत्तरी	717	14	703
4291	उपसभापति	717	2	715
4294	अत्याधुनिक	716	3	713
4296	ज्ञवाली	716	2	714
4298	पुर्याउन	716	0	716
4300	महिलाका	715	11	704
4303	वान	715	2	713
4304	व्यापारमा	715	16	699
4306	देखी	714	4	710
4308	समर्थनमा	714	26	688
4309	सारिएको	714	4	710
4311	कार्यदलले	714	0	714
4315	ओभरको	713	0	713
4316	सूचनामा	713	0	713
4317	अर्कोतिर	712	3	709
4320	मृतकको	712	19	693
4321	सिटमा	712	8	704
4322	केन्द्रलाई	712	0	712
4324	उठेका	711	8	703
4328	चितवनका	711	2	709
4330	पीडितको	711	3	708
4331	जितसँगै	711	1	710
4332	फैसलाको	711	0	711
4335	खण्डको	710	16	694
4336	यात्राको	710	14	696
4337	फुटबलमा	710	1	709
4339	महोत्सवमा	709	5	704
4342	भोगेका	709	2	707
4343	अर्कै	709	1	708
4344	डलरको	708	15	693
4348	सेवालाई	708	4	704
4350	लामिछानेलाई	708	0	708
4351	दलहरुले	708	0	708
4352	महाधिवेशनको	708	0	708
4356	किनेर	707	9	698
4359	श्रीलंका	707	0	707
4362	नसकेका	705	2	703
4363	राजनीतिको	705	3	702
4364	नाकामा	705	0	705
4365	भाइरसका	705	0	705
4368	निर्भर	704	51	653
4371	मतले	704	1	703
4374	देवकोटाले	704	1	703
4375	पालिकाले	704	0	704
4376	अविश्वासको	703	2	701
4377	जथाभावी	703	11	692
4383	हल्कादेखि	702	0	702
4384	आइपुगेको	701	5	696
4386	सँगसँगै	701	14	687
4387	चोकमा	701	6	695
4388	औषधी	701	0	701
4389	मान्छेको	700	27	673
4395	छोरीको	699	15	684
4397	मिलाइएको	699	9	690
4400	गैरकानुनी	699	0	699
4401	शरीरको	698	73	625
4402	नेशनल	698	12	686
4403	बिहानैदेखि	698	3	695
4405	छाडेको	698	2	696
4406	तस्वीर	698	7	691
4408	संस्करणमा	698	3	695
4411	प्रवासी	697	9	688
4412	ठाउँको	697	37	660
4414	बसेकी	697	2	695
4415	विपरित	697	4	693
4417	धानको	696	13	683
4421	सहयोगका	695	19	676
4425	पर्यटकले	695	2	693
4428	अभियानका	694	12	682
4430	कुँवरले	694	14	680
4431	थ्री	694	10	684
4433	गाउँपालिकालाई	694	0	694
4434	सिन्धुलीबाट	694	0	694
4435	वामपन्थी	693	4	689
4436	मानेर	693	18	675
4439	उनीमाथि	693	2	691
4442	शिविरमा	693	5	688
4445	इलामको	692	8	684
4449	विकृति	692	3	689
4451	अग्रसर	691	7	684
4452	लिनु	691	25	666
4454	युवाको	691	1	690
4458	देउखुरी	690	3	687
4459	मुक्ति	690	40	650
4461	हालतमा	690	5	685
4462	खत्रीले	690	3	687
4464	बसमा	690	4	686
4470	सम्बन्धि	688	14	674
4472	गुठी	688	37	651
4474	शेर्पाले	688	9	679
4477	छैनौं	687	2	685
4479	निर्णयको	687	4	683
4482	कपमा	687	1	686
4483	नेतृ	687	0	687
4485	न्यायको	686	2	684
4486	बुझाएका	686	0	686
4490	पूर्णरुपमा	685	0	685
4492	अध्ययनमा	684	20	664
4494	मान्छेलाई	684	22	662
4495	कोषका	684	3	681
4496	सुधारको	684	14	670
4498	जसपाका	684	0	684
4499	सङ्घले	683	9	674
4502	संसारमा	683	51	632
4505	देखाएका	682	11	671
4509	कामले	681	11	670
4510	तत्कालका	681	3	678
4512	तनहुँको	681	9	672
4513	दिलाएका	681	5	676
4514	समृद्धिका	681	1	680
4515	बाहिरिएको	681	0	681
4518	दिइरहेका	680	12	668
4519	त्यसमाथि	680	5	675
4520	बजेका	680	1	679
4522	राप्रपाका	680	0	680
4523	संगठित	680	0	680
4525	कार्यसूची	679	0	679
4526	राप्रपाले	679	0	679
4529	बानी	678	15	663
4533	निकासी	677	3	674
4535	त्यसयता	677	3	674
4538	कहिलेकाहीँ	676	9	667
4539	परिषद्का	676	3	673
4540	हाइड्रोपावर	676	0	676
4542	मंसिरमा	675	0	675
4543	अलिकति	674	23	651
4545	सम्झौताको	674	1	673
4550	गौरवको	674	1	673
4551	घटनास्थलमा	674	0	674
4553	भदौमा	673	15	658
4555	मिश्रले	673	5	668
4556	सवालमा	673	2	671
4560	लाखौं	672	2	670
4561	क्याम्पसमा	672	12	660
4568	चाँदी	671	8	663
4576	नजिकको	669	19	650
4579	राजमार्गको	669	10	659
4585	मानिसमा	667	4	663
4586	बुझिएको	667	0	667
4589	प्रकृतिका	666	10	656
4591	खरिददर	666	0	666
4594	बढाएका	665	11	654
4596	आफूहरूले	665	0	665
4600	प्रश्नमा	663	4	659
4604	बाँकेका	662	4	658
4605	कार्यालयलाई	662	1	661
4607	रहनु	661	26	635
4608	पक्षबाट	661	14	647
4610	देशबाट	661	8	653
4613	जबर्जस्ती	661	3	658
4614	पोखराका	661	2	659
4615	बढेसँगै	661	0	661
4616	सुनसरीको	661	0	661
4617	श्रीलंकाको	661	0	661
4618	तर्जुमा	660	8	652
4620	आफैले	660	3	657
4621	उद्देश्यका	660	16	644
4625	बाँकेको	660	5	655
4627	आएकाले	659	5	654
4628	दरमा	659	7	652
4629	बन्नु	659	3	656
4630	पत्रिकाले	659	18	641
4632	पर्यो	659	0	659
4634	गोलले	658	1	657
4635	चिकित्सकको	658	2	656
4636	जम्कट्टेलले	658	0	658
4638	आदेशमा	657	2	655
4640	कारागारमा	657	6	651
4642	दलहरु	657	0	657
4643	प्रेममा	657	0	657
4644	पिसिआर	657	0	657
4645	आपराधिक	656	3	653
4648	पुर्याएको	656	0	656
4653	छोरीलाई	655	10	645
4654	पहिरोको	655	0	655
4661	दु	654	2	652
4667	कुटनीति	653	2	651
4668	डेपुटी	653	1	652
4672	नेपालीहरुलाई	652	0	652
4673	अपांगता	652	0	652
4678	घरका	651	11	640
4679	प्रणालीलाई	651	5	646
4681	सदस्यहरु	651	0	651
4682	सर्वोच्चको	651	0	651
4683	पुसमा	650	14	636
4685	सर्वसाधारणको	650	5	645
4687	फर्केका	650	5	645
4688	मन्त्रालयबाट	650	2	648
4691	पालामा	649	24	625
4692	बरालले	649	10	639
4693	प्रदेशलाई	649	0	649
4696	कारणबाट	648	15	633
4698	नदेखिएको	648	3	645
4699	प्रतिष्ठानको	648	13	635
4700	कांग्रेसबाट	648	0	648
4703	सेनालाई	647	18	629
4706	कमिटीले	647	1	646
4708	आफूहरू	647	0	647
4709	आफु	647	0	647
4712	ओलीसँग	646	0	646
4721	स्थानहरुमा	645	0	645
4723	पराजुलीले	645	0	645
4725	खेतमा	644	10	634
4728	योग्यता	643	11	632
4729	आफ्नी	643	33	610
4736	भईरहेको	643	0	643
4738	बैठकपछि	643	0	643
4739	जेठमा	642	11	631
4742	उही	642	9	633
4752	अवस्थाका	641	1	640
4753	महिलामा	640	8	632
4758	विश्वविद्यालयमा	639	30	609
4759	लगानीका	639	7	632
4762	अधिवेशनमा	639	2	637
4764	कर्जाको	639	0	639
4765	भर्चुअल	639	0	639
4768	कसलाई	638	9	629
4769	प्रक्रियालाई	638	3	635
4770	उद्योगलाई	638	0	638
4774	सयौं	636	3	633
4776	खर्चमा	636	0	636
4782	दुवैको	635	14	621
4783	आइपुगेका	635	6	629
4786	पेनाल्टी	635	9	626
4788	नीतिमा	635	0	635
4792	उमेरका	634	10	624
4793	उसका	634	20	614
4794	अनुदानमा	634	3	631
4796	घिसिङले	634	0	634
4798	जुटेका	633	4	629
4799	एशिया	633	1	632
4800	सचिवालयमा	633	0	633
4802	बोकेका	632	5	627
4803	आफुले	632	3	629
4809	दिनमै	631	6	625
4811	मुखमा	631	20	611
4816	मिटरको	630	29	601
4817	विरुद्धमा	630	12	618
4819	जुटेको	630	3	627
4820	मारिएका	630	5	625
4822	ऋणको	630	0	630
4827	उपमेयर	629	0	629
4828	रिटमा	629	0	629
4831	आयोगलाई	628	5	623
4832	पर्वको	628	11	617
4833	मिडियामा	628	4	624
4835	पहिरोमा	628	0	628
4836	स्थानका	627	13	614
4841	सुनुवाई	627	1	626
4844	माघमा	627	1	626
4846	वर्षयता	627	0	627
4850	फौजदारी	626	0	626
4851	चीनसँग	626	0	626
4853	अग्रेजी	625	3	622
4855	अहिलेका	625	9	616
4859	पाकिस्तानी	625	4	621
4860	कुराहरु	625	4	621
4861	अनलाईन	625	0	625
4862	पहिलेको	624	13	611
4864	थारू	624	13	611
4867	यात्रुको	624	0	624
4872	उपचारपछि	623	1	622
4875	देखिएकाले	623	0	623
4878	स्थापनाको	622	17	605
4882	कोसी	621	7	614
4883	भगवान	620	12	608
4885	रहेकोले	620	12	608
4888	घातक	620	33	587
4890	नहुनु	619	6	613
4892	सर्वोच्चमा	619	0	619
4893	सांसदलाई	619	0	619
4894	मेलामा	618	19	599
4895	एजेण्डा	618	7	611
4898	नेपालसँग	618	2	616
4903	जसअनुसार	617	4	613
4906	घण्टाको	616	3	613
4908	सिजनमा	616	2	614
4911	पद्धति	616	21	595
4913	एपिएफले	616	0	616
4915	दिल्लीमा	615	57	558
4916	प्रयोगशालामा	615	3	612
4919	प्रकाशनगर्दे	615	0	615
4920	बगाएको	615	0	615
4921	पोष्ट	614	3	611
4924	अरुलाई	614	10	604
4928	चैतमा	614	3	611
4929	वार्तामा	614	2	612
4930	बलिउड	614	3	611
4932	सत्ताको	613	13	600
4935	यात्रुलाई	613	2	611
4939	करको	613	0	613
4942	खानी	612	29	583
4948	आफन्तले	612	0	612
4951	उत्पादनका	611	20	591
4952	गएकाले	611	4	607
4953	तालिकाको	611	1	610
4956	प्रदेशबाट	610	1	609
4957	देखिएन	610	5	605
4958	बच्चाको	610	10	600
4959	भन्नुभएको	610	4	606
4960	अध्यक्षले	610	2	608
4969	भनेकै	608	3	605
4971	थियाे	608	0	608
4972	चितवनले	608	0	608
4974	भक्तपुरका	606	4	602
4976	खोजेका	606	2	604
4977	अन्यथा	605	12	593
4983	चाहिएको	604	4	600
4984	व्यक्तिका	604	14	590
4985	बोलको	604	11	593
4987	एकैपटक	604	1	603
4988	ट्रम्प	604	0	604
4989	एमालेसँग	604	0	604
4993	बेलुकी	603	8	595
4995	भएकामा	603	3	600
4997	मातहतका	602	2	600
4998	नागरिकका	602	1	601
4999	तपाई	602	0	602
5002	बालिकालाई	601	1	600
5008	पश्चात	600	12	588
5010	राष्ट्रका	600	3	597
5011	सङ्क्रमणको	600	1	599
5012	एनआरएनए	600	0	600
5013	रौतहट	599	26	573
5017	होली	599	4	595
5019	आफूमाथि	599	3	596
5020	ग्राहकलाई	599	1	598
5021	पुगिसकेको	598	11	587
5022	कक्षमा	598	6	592
5023	कार्यक्रमअन्तर्गत	597	1	596
5026	मागेका	597	2	595
5027	नेताहरुलाई	597	0	597
5032	गठबन्धनलाई	596	0	596
5041	वडाको	594	3	591
5042	युवाले	594	3	591
5044	सभामुखले	594	0	594
5047	भनिएका	593	5	588
5051	त्यसतर्फ	593	4	589
5053	लागूऔषध	593	0	593
5059	महासमिति	592	1	591
5060	बनिरहेको	592	1	591
5062	गठनका	591	3	588
5068	विधामा	590	14	576
5069	शुक्रबारदेखि	590	3	587
5070	बढेकाले	590	0	590
5073	प्रतिष्ठानमा	589	1	588
5074	संसदबाट	589	1	588
5075	निर्णयले	589	0	589
5077	लिम्बू	588	20	568
5082	सावधानी	588	8	580
5083	क्वारेन्टिनमा	588	0	588
5084	राउतले	588	0	588
5085	आंशिकदेखि	588	0	588
5091	अल्पमतमा	586	4	582
5092	दलमा	586	5	581
5095	अन्तिममा	585	2	583
5096	लामिछानेको	585	1	584
5097	खानेपानीमन्त्री	585	0	585
5098	दशकमा	584	57	527
5108	चालकको	583	0	583
5109	मोटरसाइकलमा	583	0	583
5110	सांसदहरूले	583	0	583
5111	उपयोगी	582	34	548
5114	उर्जा	582	5	577
5116	सिजनको	582	2	580
5120	कालीकोटको	581	7	574
5125	प्राप्ति	580	34	546
5128	दैनिकी	580	3	577
5130	समाजलाई	580	11	569
5138	तापनि	578	36	542
5139	प्रमुखले	578	4	574
5141	बहुमतको	578	0	578
5142	विधिबाट	577	1	576
5143	बाइडेनले	577	0	577
5147	शिकार	576	6	570
5148	आमालाई	576	13	563
5150	खाएको	576	26	550
5151	लेखकले	576	4	572
5157	मुलुकी	575	0	575
5158	बैठकलाई	575	0	575
5159	बैंकिङ्ग	575	0	575
5165	भित्रिएको	574	1	573
5166	यसैले	573	43	530
5169	सातादेखि	573	0	573
5170	मुद्राको	573	0	573
5176	विश्वकर्माले	572	2	570
5177	भाइरसबाट	572	0	572
5180	पालिकाको	572	0	572
5186	यतिखेर	571	9	562
5190	भनेकी	571	2	569
5191	गतिविधिमा	571	0	571
5193	चौधरीलाई	571	0	571
5194	रुपान्तरण	571	0	571
5198	मामिलामा	570	10	560
5202	भित्र्याउन	570	0	570
5203	कमिटीका	570	0	570
5205	तपाईंलाई	570	0	570
5212	बनाइएका	569	10	559
5215	पाठ्यपुस्तक	568	3	565
5217	दाहाललाई	568	0	568
5218	संचालनमा	568	0	568
5220	जनही	568	0	568
5221	खरीद	568	0	568
5222	जोडी	567	26	541
5226	श्रीमान	567	2	565
5236	मुलुकबाट	566	0	566
5238	बासिन्दाले	565	3	562
5240	राजदूतावासले	565	0	565
5241	विक्री	565	0	565
5242	रुपले	565	0	565
5244	जबकि	564	42	522
5247	भनिए	564	4	560
5251	मधेशी	564	1	563
5252	दुईजना	564	4	560
5254	प्रतियोगिताका	564	6	558
5257	वर्षाले	564	0	564
5258	मेगावाटको	564	0	564
5259	लेखेर	563	32	531
5260	पूर्णरूपमा	563	21	542
5264	निकालिएको	563	6	557
5267	कममा	562	1	561
5268	छाउपडी	562	5	557
5272	उपाध्यायले	562	0	562
5273	खेलका	562	0	562
5274	महानगरका	562	0	562
5276	जीप	561	3	558
5279	प्रजातिका	560	34	526
5280	हिन्दी	560	67	493
5281	उभिएर	560	7	553
5282	समस्याले	560	10	550
5286	तहबाट	560	3	557
5287	अवस्थाबारे	560	5	555
5292	अभावका	559	3	556
5294	गर्दछौं	559	0	559
5295	श्रमिकको	559	0	559
5296	बहानामा	558	3	555
5297	छाडेका	558	1	557
5299	मूल्यवृद्धि	558	0	558
5300	समयका	557	13	544
5302	धनगढीमा	557	2	555
5303	स्टेडियममा	557	2	555
5304	बैंकबाट	557	0	557
5305	निकायबाट	556	4	552
5307	पासमा	556	0	556
5313	त्यसबारे	555	0	555
5319	सक्छौं	554	9	545
5321	समूहबाट	554	4	550
5325	बालिकाको	554	0	554
5326	बजेटले	554	0	554
5327	संक्रमणमुक्त	554	0	554
5329	त्रिवेणी	553	11	542
5330	मोदीको	553	0	553
5331	मेयरमा	553	0	553
5332	अङ्कले	553	0	553
5334	ठक्करबाट	553	0	553
5336	बिरामीले	552	5	547
5340	पानीले	552	10	542
5341	पछ्याएको	552	3	549
5342	रहेकामा	552	3	549
5343	जनप्रतिनिधिले	552	0	552
5344	अवधिको	551	13	538
5345	रहनुभएका	551	7	544
5349	चन्दले	551	2	549
5352	कांग्रेसमा	551	0	551
5353	अर्कोतर्फ	550	2	548
5355	याे	550	0	550
5356	घरघरमा	550	0	550
5357	गर्नाले	549	61	488
5359	नसक्नु	549	4	545
5360	घरायसी	549	5	544
5362	लगाउनु	549	10	539
5363	योजनाका	549	6	543
5364	हप्तामा	549	4	545
5366	हैसियतमा	549	2	547
5368	एमालेकी	549	0	549
5373	निर्णयलाई	548	5	543
5375	रक्षामन्त्री	548	0	548
5379	सुखी	547	9	538
5381	मारेको	547	8	539
5382	संक्रमणका	547	0	547
5384	यहि	546	2	544
5387	बजारबाट	546	9	537
5388	दबाबमा	546	2	544
5389	सदस्यहरू	546	0	546
5390	जिम्मेवारीमा	546	0	546
5391	परिक्षण	546	0	546
5394	क्षतिमा	545	1	544
5395	घटनालाई	545	6	539
5396	व्यक्तिमा	545	8	537
5397	भो	545	14	531
5399	कञ्चनपुरको	545	0	545
5400	फिल्मले	545	0	545
5407	जनशक्तिको	544	0	544
5409	नोक्सानी	543	7	536
5412	अधिवेशनको	543	0	543
5414	तोलामा	543	0	543
5415	आक्रमणबाट	542	7	535
5416	दिदी	542	23	519
5417	एकसाथ	542	4	538
5419	तथ्यांकअनुसार	542	0	542
5420	यूएई	542	0	542
5421	डुबानमा	542	0	542
5423	मेघगर्जन	542	0	542
5428	लाइनको	541	8	533
5429	कलाकारको	541	17	524
5433	झापामा	541	6	535
5436	युनाइटेडका	541	0	541
5437	एकताका	541	0	541
5438	छोराछोरी	540	7	533
5441	संगठनका	540	4	536
5447	नाघेको	540	1	539
5449	वर्षकी	539	10	529
5452	क्षेत्रीले	539	1	538
5453	ट्याक्सी	539	7	532
5454	बताउछन्	539	0	539
5455	दशैं	539	0	539
5456	सभाले	539	0	539
5457	अर्काको	538	22	516
5458	क्षतिको	538	11	527
5459	छाड्न	538	5	533
5460	मसँग	538	21	517
5466	अरुको	537	2	535
5475	महासङ्घका	537	0	537
5482	सन्देशमा	535	7	528
5485	सन्धि	535	32	503
5486	एकपछि	535	0	535
5487	देशव्यापी	534	21	513
5488	व्यापारीले	534	4	530
5490	स्थानिय	534	2	532
5492	पोखरेलको	534	1	533
5493	कास्कीका	534	0	534
5494	संस्थाबाट	534	0	534
5497	तथापि	533	23	510
5499	भइसकेपछि	533	8	525
5500	घटनास्थलमै	533	0	533
5509	कामदारको	531	2	529
5510	निर्वाचनलाई	531	2	529
5511	आईसीसी	531	0	531
5512	पूर्वाधारको	531	0	531
5513	बन्दी	530	19	511
5519	बुटवलमा	530	1	529
5526	गाउँमै	529	0	529
5528	क्षतिलाई	529	0	529
5529	दोषीमाथि	529	0	529
5532	परेकाले	528	4	524
5533	पैसाको	528	8	520
5538	प्रधानले	527	5	522
5541	सेन्टरमा	527	0	527
5546	मृतकका	526	11	515
5550	तिलागुफा	526	0	526
5552	सत्रमा	525	9	516
5554	ठाकुरले	525	4	521
5558	बाहिरका	525	7	518
5562	शर्मालाई	525	2	523
5564	बाँकेमा	525	0	525
5566	अनुसन्धानबाट	524	5	519
5569	लेन	524	9	515
5570	भनि	524	1	523
5571	कँडेलले	524	0	524
5572	मैनालीले	524	0	524
5573	अधिकारका	523	11	512
5576	शिक्षाका	523	15	508
5578	डेङ्गु	523	35	488
5580	टाउकोमा	523	10	513
5581	ति	523	2	521
5582	प्रतिव्यक्ति	523	1	522
5583	जातका	522	26	496
5586	सभामुखको	522	0	522
5588	सभापतिमा	522	0	522
5592	स्वरमा	521	14	507
5593	पराजुली	521	7	514
5595	हुनुअघि	521	1	520
5596	नेम्वाङले	521	0	521
5597	दुर्घटनाको	520	12	508
5598	प्रविधिमा	520	5	515
5599	छाएको	520	2	518
5601	सम्बन्धको	520	13	507
5602	पशुमा	520	0	520
5603	बुझेको	520	0	520
5604	काँग्रेसको	520	0	520
5606	अद्यावधिक	519	4	515
5608	टिमलाई	519	4	515
5611	प्रतिनिधिसभाका	519	0	519
5612	करोडभन्दा	519	0	519
5614	अर्बको	518	4	514
5615	घटनाले	518	9	509
5620	मतदाताले	518	3	515
5621	धरौटी	518	2	516
5627	अंकसहित	518	0	518
5628	क्षेत्रभित्रका	518	0	518
5630	स्थानीयवासीको	517	3	514
5636	लघु	516	32	484
5637	बृद्धि	516	7	509
5640	हिमपातको	516	2	514
5641	कार्यक्रमहरु	516	0	516
5643	स्थानीयलाई	516	0	516
5644	सुनाएको	516	0	516
5645	कारबाहीमा	516	0	516
5648	आन्दोलनलाई	515	12	503
5652	कोरियामा	515	7	508
5653	डरले	515	3	512
5654	नापी	515	5	510
5655	साथबाट	515	0	515
5658	अपेक्षित	514	10	504
5663	रोकेको	514	2	512
5667	वितरणमा	513	3	510
5670	सदस्यहरुले	513	0	513
5671	यौं	513	0	513
5673	सुनेर	512	32	480
5675	आयोजनालाई	512	4	508
5676	अनियन्त्रित	512	3	509
5677	डेंगु	512	0	512
5678	पीडितले	512	0	512
5682	वर्गका	511	14	497
5684	कमिटीमा	511	4	507
5686	यात्रुले	511	2	509
5687	कार्यकर्ताको	511	1	510
5689	एआई	511	0	511
5693	बितेको	510	12	498
5695	जापानमा	510	15	495
5697	प्रालिले	510	0	510
5700	नपाएपछि	509	2	507
5701	हटाएको	509	6	503
5702	गुरुङलाई	509	0	509
5703	क्लबलाई	509	0	509
5704	एकेडेमी	508	5	503
5707	टोलमा	508	2	506
5708	दाङको	508	6	502
5710	महत्वका	508	0	508
5711	कामी	507	48	459
5712	रेशम	507	4	503
5714	सचिवको	507	4	503
5720	बाहेकका	507	4	503
5721	सवै	507	3	504
5722	हत्याको	507	10	497
5727	युवकको	506	1	505
5728	स्वास्थ्यको	506	16	490
5731	दलहरूको	506	3	503
5732	घाइतेको	506	0	506
5733	नपुगेको	506	0	506
5734	नेपालखबरसँग	506	0	506
5735	मण्डलले	506	0	506
5737	कैलालीमा	506	0	506
5738	खरेलले	506	0	506
5745	सीईओ	505	0	505
5748	अन्दाजी	504	4	500
5754	झापाका	504	0	504
5758	भक्तजनको	503	3	500
5762	पिउने	503	12	491
5763	प्रशासनको	503	8	495
5771	भानु	502	1	501
5773	कोभिडको	502	0	502
5774	बागलुङको	501	4	497
5775	भूमिमा	501	20	481
5777	विन्दुमा	501	5	496
5779	अंकको	501	0	501
5786	लकडाउनका	500	0	500
5787	हत्यामा	500	0	500
5793	कामहरु	499	1	498
5794	नेताहरूलाई	499	2	497
5796	ल्याउनु	499	5	494
5797	जनाभन्दा	499	1	498
5798	याएर	499	2	497
5803	ने	498	9	489
5804	किसिमले	498	29	469
5805	विधेयकको	498	3	495
5808	सप्तरीको	498	0	498
5809	सभालाई	498	0	498
5811	प्रतिवेदनले	498	0	498
5815	फर्किए	497	16	481
5816	परीक्षाको	497	7	490
5818	क्षेत्रभित्र	497	21	476
5820	पाकिस्तानले	497	5	492
5821	मुख्यमन्त्रीले	497	0	497
5822	कलेजका	497	0	497
5827	गरेकामा	496	5	491
5832	शो	496	1	495
5834	अज्ञात	495	18	477
5838	तराईमा	495	13	482
5840	गरेकै	495	4	491
5843	ऐरी	495	2	493
5844	व्यक्तिसँग	495	5	490
5845	तपाईको	495	0	495
5846	शाखाले	495	0	495
5847	काठमाडौँवासीलाई	495	0	495
5848	कसुरमा	495	0	495
5849	गन्तव्यमा	495	0	495
5850	देखाइएको	494	7	487
5853	प्रभावले	494	28	466
5858	उपभोक्ताले	493	1	492
5862	कानुनले	493	0	493
5863	तिवारीले	493	0	493
5864	भेन्टिलेटरमा	493	0	493
5865	छनोटको	493	0	493
5868	अन्तर्गतका	492	6	486
5869	प्राथमिकताका	492	2	490
5875	प्रसूति	492	0	492
5876	कारबाहीका	492	0	492
5877	बुढाथोकी	491	14	477
5878	देखेका	491	6	485
5880	तीनवटै	491	2	489
5882	ठूलै	491	2	489
5883	गर्नेको	491	6	485
5886	बजेबाट	491	0	491
5889	मुद्दालाई	490	11	479
5894	जापानले	490	11	479
5897	यातायातको	489	38	451
5899	इतिहासको	489	43	446
5900	डि	489	15	474
5903	सन्दीपले	489	0	489
5904	कोरोनाभाइरस	489	0	489
5905	सेवाग्राही	489	0	489
5914	त्यसैको	487	8	479
5915	बिषयमा	487	2	485
5917	मन्त्रिपरिषद्ले	487	0	487
5918	श्रद्धाञ्जली	487	0	487
5924	सावित	486	6	480
5926	सञ्चारमाध्यमले	486	5	481
5929	आम्दानीको	486	0	486
5930	उहाँहरुले	486	0	486
5932	अपरिहार्य	485	6	479
5933	किनकी	485	6	479
5935	लगाएपछि	485	2	483
5937	मछिन्द्रले	485	0	485
5938	आईसीयू	485	0	485
5945	गम्भिर	484	1	483
5948	श्रीमतीको	484	2	482
5949	बसिरहेका	484	1	483
5950	कर्णालीका	484	0	484
5953	जबराले	484	0	484
5954	बैंकलाई	484	0	484
5958	कारोबारको	483	4	479
5959	पाठकले	483	2	481
5960	विद्रोही	483	16	467
5961	पुगेकी	483	5	478
5964	माथिका	483	6	477
5966	आफूहरुलाई	483	0	483
5972	उनीहरुका	482	1	481
5973	कपको	482	1	481
5976	धरौटीमा	482	0	482
5977	विवादका	482	0	482
5978	प्रधानसेनापति	482	0	482
5979	भेरियन्ट	482	0	482
5983	सिमित	481	6	475
5984	लाग्नु	481	11	470
5985	विजेताले	481	2	479
5987	मुख्यमन्त्रीको	481	0	481
5988	लक्ष्यका	481	0	481
5990	कुराकानीमा	481	0	481
5998	सोमबारको	480	0	480
6002	झैं	479	8	471
6007	कार्कीलाई	479	1	478
6008	यद्यपी	479	1	478
6009	घर्ती	479	0	479
6010	घोषणापत्रमा	479	0	479
6018	वीरगन्ज	478	0	478
6020	नाराका	478	0	478
6022	बिक्रीदर	478	0	478
6027	काटेको	477	7	470
6031	जितको	477	1	476
6033	दोषीलाई	477	2	475
6035	मतभार	477	0	477
6036	परियारले	476	2	474
6039	राशि	476	31	445
6041	बङ्गलादेशमा	476	6	470
6042	माथिबाट	476	8	468
6043	हानी	476	0	476
6044	एयरलाइन्सले	476	0	476
